"vocabulary_size","persistence","stage","mean_alpha","sd_alpha","abs_alpha_bias","alpha_rmse","mean_vocabulary","sd_vocabulary","loss"
5550,0.35,"refined",0.98360382381481,0.00475816895575282,0.01639617618519,0.017006197344678,4992.9,15.0366219610656,0.432378979615341
5500,0.35,"coarse",0.983442241580711,0.00531288461988819,0.0165577584192892,0.0173079008709133,4959.6,12.6947058081531,0.511785926801307
5500,0.35,"refined",0.983442241580711,0.00531288461988819,0.0165577584192892,0.0173079008709133,4959.6,12.6947058081531,0.511785926801307
5525,0.35,"refined",0.982428518461546,0.00456751878446223,0.0175714815384539,0.018097871933407,4976,13.4742552876052,0.519734564571663
5575,0.35,"refined",0.981259578667014,0.00545116981875429,0.0187404213329858,0.01944086209229,5012,14.422205101856,0.568310100498958
5600,0.35,"coarse",0.97943026058179,0.00509949787886104,0.0205697394182098,0.0211309860273465,5031.5,13.1930116181089,0.720806452904466
5600,0.35,"refined",0.97943026058179,0.00509949787886104,0.0205697394182098,0.0211309860273465,5031.5,13.1930116181089,0.720806452904466
5475,0.35,"refined",0.980257483922693,0.00474508058148101,0.0197425160773068,0.0202492259559468,4943.6,11.2269516986778,0.766614487250204
5650,0.35,"refined",0.981098500319815,0.00591025372432031,0.0189014996801846,0.019715594825855,5067.1,15.4664511479237,0.769081015140528
5625,0.35,"refined",0.979291238687447,0.00410326323506366,0.0207087613125529,0.0210714472060865,5049.5,16.365614358567,0.793996058743056
5675,0.35,"refined",0.982251259122327,0.00387116320770094,0.0177487408776725,0.0181247101181055,5083.8,14.2501461980804,0.810985149935003
5425,0.35,"refined",0.982035048355609,0.0036544959808693,0.017964951644391,0.0182964284594584,4908.1,13.4284110088358,0.898760963716303
5450,0.35,"refined",0.97912688340693,0.00583735765064857,0.0208731165930705,0.021595237118757,4926.5,12.0208152801713,0.940776867920342
5700,0.35,"coarse",0.981699097410104,0.00621188841663487,0.0183009025898957,0.0192263318793654,5100.1,13.1946959040366,0.97245574396493
5700,0.35,"refined",0.981699097410104,0.00621188841663487,0.0183009025898957,0.0192263318793654,5100.1,13.1946959040366,0.97245574396493
5725,0.35,"refined",0.9832341545667,0.00521116456465193,0.0167658454332996,0.0174795361952538,5114.5,15.4074296652261,1.01935856046737
5400,0.35,"coarse",0.98188587189779,0.00711835863428341,0.0181141281022099,0.0193319829191142,4888.7,14.9670007386621,1.08806941391484
5400,0.35,"refined",0.98188587189779,0.00711835863428341,0.0181141281022099,0.0193319829191142,4888.7,14.9670007386621,1.08806941391484
5375,0.35,"refined",0.981102799976284,0.00461955845104337,0.0188972000237156,0.019398723076292,4871.1,12.3238702434656,1.32931846811605
5750,0.35,"refined",0.980426741476491,0.00554071738722425,0.0195732585235088,0.0202667719056758,5133.1,13.9479190004977,1.37988019246573
5775,0.35,"refined",0.980094114580121,0.00550157673252533,0.0199058854198789,0.0205787484128366,5150.7,15.6279663850846,1.61374208210225
5350,0.35,"refined",0.979840631125215,0.00534624883759674,0.0201593688747852,0.0207875994862277,4854.4,13.5826686953959,1.62062300043918
5800,0.35,"coarse",0.980712361713239,0.00651623944395104,0.0192876382867611,0.0202540916736038,5165.1,14.6245607721318,1.76786078298286
5800,0.35,"refined",0.980712361713239,0.00651623944395104,0.0192876382867611,0.0202540916736038,5165.1,14.6245607721318,1.76786078298286
5825,0.35,"refined",0.982845275302669,0.00852369402377921,0.0171547246973308,0.0189650363371948,5180.6,13.6235090927411,1.86978973214286
5325,0.35,"refined",0.979179909298295,0.00661237009651833,0.0208200907017053,0.0217445917710872,4839.4,12.720936373641,1.87782573795177
5300,0.35,"coarse",0.98173940609091,0.00671517815636975,0.0182605939090904,0.0193399468928257,4823.4,13.9538923283474,1.97022785469063
5300,0.35,"refined",0.98173940609091,0.00671517815636975,0.0182605939090904,0.0193399468928257,4823.4,13.9538923283474,1.97022785469063
5850,0.35,"refined",0.982079352463016,0.00881184150539249,0.0179206475369837,0.0197745620378643,5196.3,14.000396819773,2.16154718364947
5275,0.35,"refined",0.981272531940571,0.00439564531798878,0.0187274680594292,0.0191861300918747,4804.4,12.9546216549239,2.33055856515765
5875,0.35,"refined",0.982530050857302,0.00423642549408028,0.0174699491426982,0.0179262850004865,5212.6,14.6302578393015,2.41494209855067
5250,0.35,"refined",0.980648633990314,0.00332752142041315,0.0193513660096865,0.0196071549533283,4785.5,15.3351448205313,2.73537666129591
5900,0.35,"coarse",0.980249157789904,0.00752401429181509,0.0197508422100965,0.0210010828283977,5229.5,15.5438447982187,2.86194570986191
5900,0.35,"refined",0.980249157789904,0.00752401429181509,0.0197508422100965,0.0210010828283977,5229.5,15.5438447982187,2.86194570986191
5225,0.35,"refined",0.979891174605627,0.00560475540157552,0.020108825394373,0.0207999234023042,4764.1,16.1000345065193,3.24222641524616
5200,0.35,"coarse",0.982450417791681,0.00849189312222644,0.0175495822083193,0.0193103303857273,4746.8,17.067187492053,3.49343660431796
5200,0.35,"refined",0.982450417791681,0.00849189312222644,0.0175495822083193,0.0193103303857273,4746.8,17.067187492053,3.49343660431796
5175,0.35,"refined",0.985827908813032,0.0066377196112323,0.0141720911869684,0.0155081126538774,4726.9,15.7158801499912,3.82677897261089
6000,0.35,"coarse",0.983649287019281,0.00538186839938334,0.0163507129807193,0.0171293278239199,5296.8,21.196435759082,4.12247187238936
5150,0.35,"refined",0.983310199781445,0.00755331050215776,0.0166898002185548,0.0181630581379645,4709.1,15.5381251550286,4.43783033969428
5125,0.35,"refined",0.981933199714507,0.00546803537987793,0.0180668002854928,0.0187967747866468,4689.3,15.3119415997957,5.09537932491686
5100,0.35,"coarse",0.982696168294876,0.00554159563675519,0.0173038317051235,0.0180848263928746,4671.7,16.2552555603821,5.60399959314097
5100,0.35,"refined",0.982696168294876,0.00554159563675519,0.0173038317051235,0.0180848263928746,4671.7,16.2552555603821,5.60399959314097
6100,0.35,"coarse",0.983091237950855,0.00453933609724369,0.0169087620491446,0.0174485314286893,5368.4,19.2538596419292,6.07308606253579
6200,0.35,"coarse",0.983348564522049,0.00544546927041435,0.0166514354779512,0.017434394898989,5431.2,18.0172756603828,8.04692246149781
5000,0.35,"coarse",0.981548062713724,0.00656860244764508,0.0184519372862764,0.0194757765935113,4598.4,14.0570267126445,8.3343455189032
6300,0.35,"coarse",0.983834884199201,0.00675235002764849,0.0161651158007993,0.0173880929563752,5494.4,17.2961138859443,10.2968565125155
6400,0.35,"coarse",0.981106729710458,0.00545687691540581,0.0188932702895421,0.0195896762948395,5563.8,17.818841463774,13.2550351272627
6500,0.35,"coarse",0.982800006300184,0.00686588001243131,0.0171999936998163,0.0183920107868692,5623.9,14.3096703898681,15.8364669633477
6600,0.35,"coarse",0.983813605619497,0.00802247996096498,0.0161863943805034,0.0178864062710447,5687.6,22.1570154428193,18.8663540067743
6700,0.35,"coarse",0.983140897311037,0.00640019059155589,0.0168591026889631,0.0179191389057739,5744,20.1825006709608,21.8355015475642
6800,0.35,"coarse",0.983319449136046,0.00614922381001613,0.0166805508639539,0.0176712318541763,5805.6,23.9824009547742,25.2406242653516
6900,0.35,"coarse",0.981504451700833,0.00402879134446747,0.0184955482991671,0.0188863270811017,5870.9,29.3160934186896,29.1948198882183
7000,0.35,"coarse",0.983676364401876,0.00597483976117317,0.0163236355981238,0.0172797545785482,5928.9,24.7855244492067,32.6890353207856
7100,0.35,"coarse",0.978584241602899,0.00498748521574181,0.0214157583971006,0.0219322186662113,5990.8,24.3575222239227,37.0493224826147
7200,0.35,"coarse",0.979804728940926,0.00631917521905586,0.0201952710590739,0.0210662704590463,6055.2,32.2104192942456,41.3907770727297
7300,0.35,"coarse",0.983024449832167,0.00684134363577063,0.0169755501678328,0.0181739618126879,6114.4,31.0597989547761,45.4443531514465
7400,0.35,"coarse",0.981257907295025,0.00713102712907982,0.0187420927049754,0.0199256726884188,6165.3,26.4283097370141,49.3284509200261
7500,0.35,"coarse",0.985775785031592,0.00929036478582152,0.0142242149684084,0.0167334420110079,6222,25.9186762350583,53.4452218863837
